0.7113366,1.08689,0.8053854
3.651868,0.414638,0.9475745
2.407224,-0.4713626,0.8893066
3.512473,3.876612,0.9882731
3.778397,0.2355223,0.946427
2.384475,0.895793,0.8978994
1.961015,-0.4282231,0.8457046
1.201808,-3.7841,0.8640945
4.479529,-1.71971,0.9971677
1.292321,0.4904656,0.8218817
-3.024827,0.6591945,0.8973339
0.2964079,-2.170935,0.7848502
2.332577,2.517142,0.895746
-0.2086205,-1.42401,0.7271518
1.888978,1.07316,0.8617171
2.08977,-4.501959,0.9327646
4.212296,0.2607627,0.9651574
0.6715636,-2.184871,0.7880324
-1.105406,-0.9684019,0.6835526
1.167031,-0.1848383,0.8238718
1.382688,-1.120893,0.8209419
1.526437,3.790106,0.9281829
2.667693,2.923618,0.9308525
2.862195,-2.693379,0.9146143
3.252437,-2.953182,0.952753
2.091175,-0.1788325,0.82837
-0.8192453,-0.6871004,0.6996679
4.165934,-2.998086,0.9998943
1.532732,0.6000252,0.8490155
2.464299,-0.3362055,0.8838982
4.102422,-0.7412271,0.965932
1.259311,4.22843,0.9537373
-1.30422,-1.906132,0.6989947
2.042208,0.8227353,0.8647113
0.8192122,-4.388108,0.8794616
-0.9756327,-2.268807,0.716181
0.1675632,1.640811,0.7984669
3.363215,-3.833556,0.9641207
3.961405,-0.9961586,0.9583958
2.829401,-0.7396274,0.8890802
2.451446,0.8640213,0.8798872
-0.3260646,-0.5277352,0.7323442
-1.189373,0.08853722,0.688876
1.080584,2.268422,0.8469937
1.374785,1.541439,0.8292169
-1.052884,-0.4966254,0.6808925
4.329504,0.4407721,0.973155
2.24496,1.918922,0.8984438
1.8819,-1.067038,0.8456496
2.314691,3.035302,0.9264693
0.5855093,-3.057739,0.8153564
4.305803,-2.253457,0.9745464
3.173526,-2.282649,0.9439083
4.53431,1.739868,0.9983426
-0.1809795,-1.616987,0.7402276
-0.2538066,-0.1017423,0.7427443
1.00923,-1.659925,0.8126926
0.4253888,-1.190171,0.7624421
2.346331,-3.032698,0.902509
4.203628,-0.8798761,0.9534095
3.885384,-3.070505,0.9820417
4.732154,2.15581,0.9957011
-0.7897961,-0.6730323,0.7073935
0.7521772,-4.915922,0.9023012
4.546428,-0.3191538,0.9980059
3.750679,3.171848,0.9928932
1.349096,0.8700771,0.8360577
1.639864,-1.328867,0.8411795
-0.2195883,-3.827951,0.8121461
1.937896,2.495059,0.8955832
4.269224,-1.360779,0.9826097
2.53277,3.973985,0.9614391
3.70663,0.3115134,0.9460562
1.144317,1.932733,0.8336911
3.08107,-3.623371,0.9517573
3.076975,-2.360869,0.9156488
-0.1318989,0.2636237,0.746367
0.8468821,-0.1295466,0.7728447
3.568922,-1.097312,0.9376485
-0.1580856,0.3913908,0.7524644
2.704694,-0.3770976,0.9098406
1.288143,-3.940634,0.8850548
1.590246,-1.596275,0.8168022
-1.337997,-1.653022,0.6872111
3.673402,1.640103,0.9690669
3.168615,-3.500639,0.9476419
4.363533,0.728045,0.9819283
2.66653,0.4310484,0.8779123
-0.1383805,-2.362604,0.7673329
-0.7315218,-0.3281112,0.703045
2.443338,1.073212,0.8972279
4.804478,-1.340973,0.9865592
3.008648,-4.943572,0.9844971
-1.000402,-0.4296927,0.7001446
3.64205,1.012002,0.921181
2.054932,2.439764,0.9057018
0.4682448,-2.741868,0.8021169
1.74637,1.207308,0.8444577
0.845243,1.190714,0.8109183
-1.554782,0.5959387,0.7149667
3.250847,-3.067997,0.955154
2.005329,3.457711,0.9289929
3.749061,0.7793264,0.9476979
0.170949,-0.5794077,0.7266607
0.4898984,-0.4840832,0.7708591
-0.8457456,0.09563637,0.7103661
3.885195,0.5934591,0.948454
2.072011,-1.240084,0.85731
-0.08677435,-3.050176,0.7839828
0.5632029,2.168031,0.8215166
-0.2507958,-0.4519529,0.7262206
1.77085,2.406462,0.8831484
0.7023163,-2.965199,0.8121029
0.9681015,-1.237776,0.8043782
0.7963798,-4.759209,0.8940645
1.094061,-0.323822,0.7762313
1.501228,0.07271004,0.8165608
3.451741,-2.296083,0.9330306
3.363239,-4.13051,0.9680435
1.004868,-1.420085,0.8137503
2.283168,2.787319,0.9053542
4.39532,-1.437047,0.988781
1.697789,0.5135055,0.8389922
3.955352,0.8416576,0.971601
0.6903243,0.8786578,0.7923728
3.431311,0.4853826,0.9258996
3.749952,0.8734708,0.9470959
2.396627,-0.5208139,0.889379
4.179667,0.552247,0.9864633
1.283863,-1.370725,0.8120301
0.8871758,-4.381664,0.8809952
0.3986671,-0.7027035,0.7844708
2.344311,0.4903026,0.8789229
-0.5026093,0.5121703,0.7281778
2.994225,2.559767,0.9360365
1.251176,-2.097318,0.8205982
3.832749,-3.899631,0.9959781
3.115011,2.144135,0.9325988
2.723536,-2.064878,0.8979543
2.502308,1.413903,0.8937166
3.415903,-0.1904159,0.9259008
-0.2855375,1.495529,0.763369
1.047949,4.028617,0.9456566
0.7314429,2.503427,0.850841
-0.6148043,1.287123,0.7645921
4.147696,-2.856584,0.9845744
4.167951,-2.678152,0.9721377
0.9705484,1.528453,0.8382701
2.442817,1.396148,0.8623053
3.717429,-4.274771,0.9877324
-4.191236,-3.455708,0.8565353
1.566194,0.06339025,0.8233287
2.625717,-3.00655,0.9232715
2.406625,-4.661704,0.9558758
1.587924,-2.169965,0.8556533
0.3248553,-3.03731,0.812987
4.369899,1.701467,0.9807374
3.534313,1.987482,0.9322249
2.391386,-3.008732,0.8996116
-1.059494,-0.9940763,0.6851755
2.68731,3.735099,0.964613
0.5065007,-0.006911278,0.7901542
1.968087,-0.02546358,0.861178
3.454129,3.005527,0.9677104
1.980995,-1.678872,0.8626245
-0.5065589,0.06968212,0.7285414
3.610774,-0.9026356,0.9441454
4.060825,-0.5200143,0.9584106
4.443369,-1.719803,0.9993761
1.514024,0.6078534,0.8440397
2.550908,2.931133,0.9297303
3.971402,-1.902747,0.9532091
-0.6032753,-0.8656902,0.7088159
-0.8229694,-0.4237576,0.7028461
1.593325,1.37967,0.8450764
2.510193,0.3935595,0.8915719
1.369359,-0.1474543,0.8303449
3.441749,-0.866025,0.9183753
2.358827,1.48237,0.8878767
2.258599,-0.08019018,0.8827923
1.979016,-0.6157441,0.840319
3.178883,-3.82154,0.9547061
1.655483,-0.757,0.8410017
0.8500712,3.847713,0.9306324
3.944613,-0.4776936,0.9600879
1.354946,1.328421,0.8482386
-0.9493253,0.1579099,0.6775123
-0.2533031,-0.7807736,0.7451152
3.756253,-0.5020599,0.9390141
2.582427,2.327718,0.929387
1.987135,4.065549,0.9498484
4.311522,1.142352,0.9657298
3.593018,0.6485205,0.9404259
4.303862,-2.33099,0.9742414
1.644228,-0.02888012,0.8210896
0.6557992,1.407412,0.8024771
3.391652,-0.5511169,0.9436712
3.253497,-0.9560676,0.9188572
0.6668279,2.752149,0.8545537
4.318734,-3.277424,0.9963616
1.535183,-2.00351,0.8279797
1.014006,0.1314187,0.8139054
4.626411,0.1709429,0.9821706
4.048139,0.7000155,0.977547
-0.5451045,-0.1866369,0.8352252
1.307347,3.756617,0.9268646
2.609048,2.235098,0.9030919
4.773826,-0.7243686,0.9974748
2.364338,2.399476,0.9004152
-1.314634,-0.4009466,0.6905696
2.146278,3.694511,0.9420072
4.202241,-1.275196,0.981249
1.07319,0.06502342,0.7920516
-0.8240356,-4.979526,0.8678257
4.464929,1.241935,0.9903184
2.130122,0.9333901,0.8644232
0.6813681,1.691571,0.806505
1.378855,-2.437107,0.8293966
2.605413,1.817511,0.9131591
-0.9228723,-0.7287722,0.7032476
1.573321,1.255543,0.8281164
3.236051,-1.717267,0.9237142
2.771889,0.1157541,0.8964514
3.23956,-1.847424,0.9369214
1.061753,0.06334496,0.8000349
3.658453,-2.799283,0.9671677
3.162041,0.476367,0.9051843
0.8596148,-0.7044549,0.7844808
0.01936245,0.8715744,0.7709124
0.283957,-4.17447,0.8514546
4.400548,-2.299603,0.9995735
-0.5116389,-1.782778,0.7317704
1.943022,4.275584,0.9696382
-0.3577628,-1.090825,0.7157763
-0.4080656,-4.82309,0.8590971
3.358842,-1.498518,0.9416156
1.571526,-1.242208,0.8351608
0.9467378,-2.105989,0.8079227
1.655597,-0.5511217,0.8270505
-1.359626,0.1870518,0.7040522
1.288141,-0.8948879,0.8062192
1.641608,3.251536,0.9028531
2.718967,-3.105598,0.9227984
1.253127,1.856767,0.8543438
4.397054,-0.274425,0.9863901
2.181291,-0.1286383,0.9295384
-0.2294033,-2.359156,0.7488339
3.995319,-3.262447,0.9928912
4.072676,2.56215,0.9779972
3.26701,-2.314234,0.9385149
-2.652426,0.08760977,0.800419
0.5236472,0.6366771,0.7796783
-0.2873302,1.592431,0.7813654
1.775491,2.042599,0.8768839
1.85743,-1.126063,0.8354644
2.508104,-3.582648,0.9267545
-1.014397,-1.45924,0.6952017
-1.216052,-3.306867,0.759084
4.112671,0.654294,0.9700526
2.914803,1.616012,0.9203239
4.590564,-2.543897,0.9933881
1.311951,-4.096738,0.8883047
-0.5971043,-0.02682161,0.7192979
3.452529,-4.48917,0.9840626
3.756769,0.7635646,0.9458953
2.776587,0.6704526,0.9135786
4.926649,-0.5762129,0.9915997
-2.348009,-0.427876,0.6611342
-0.6642494,0.1940279,0.6892724
4.028605,2.398371,0.9705779
-0.2925963,1.512885,0.7772231
4.550159,0.9676871,0.9809008
0.9148691,1.475544,0.8274453
3.175796,4.506376,0.9964204
2.153368,0.1040668,0.8632065
2.772623,2.015314,0.9145274
1.25412,1.324506,0.8130354
4.383829,-0.5869536,0.9809057
2.170894,2.28441,0.8960148
4.238215,-2.832439,0.9813294
1.909899,-3.003984,0.885817
1.687507,2.351995,0.8838897
-0.06278539,0.9701161,0.7751161
3.588409,-0.2212791,0.9491776
4.869072,0.2092524,0.9926187
0.7298379,-0.9385233,0.7752357
1.26049,2.614365,0.8729489
4.288473,0.8311181,0.9719225
1.455457,0.2446194,0.827167
1.677686,3.435936,0.9183807
3.150674,-4.074212,0.9700406
3.18955,3.514137,0.9755179
1.442673,0.2862282,0.8120083
2.082698,1.947573,0.8833827
3.219418,-2.873491,0.9343768
3.14249,0.1319046,0.9043773
3.335607,3.129793,0.9588552
3.39809,-3.313598,0.9502602
3.655866,2.413138,0.9691629
0.3975959,-1.92017,0.7774873
0.03243055,1.971223,0.8012565
3.705342,-2.572337,0.9567645
-0.6765809,0.9017868,0.7353324
-0.9747488,-0.3239579,0.6947677
-0.3837409,0.3671889,0.7345962
1.732644,2.520185,0.8716429
1.812675,-0.3297572,0.8135346
-0.9646858,0.434063,0.7159263
1.598198,2.394477,0.857268
0.4844224,1.674761,0.7939968
4.652723,1.393566,0.9958503
0.9232445,-3.093404,0.8264272
0.02250695,1.3449,0.7701832
3.086568,0.2529173,0.9024576
3.768762,0.2108912,0.9456359
0.000365734,-2.721844,0.787944
1.337226,4.56249,0.9811404
2.829101,1.374056,0.922491
3.40504,-2.875151,0.9398403
1.801393,2.004197,0.876222
2.463028,-2.16408,0.9054623
3.706729,0.4307194,0.9445794
0.09306288,-0.9891934,0.7694241
0.6363552,0.1617856,0.7511588
2.6353,3.976713,0.9862115
1.543793,0.8678942,0.8382705
-1.062606,-0.1451116,0.7070343
2.664872,0.327795,0.8839388
2.105015,0.2419467,0.8786201
0.519151,3.181497,0.8818042
0.8814178,1.23003,0.8169616
1.250233,0.2131004,0.890622
2.89239,-1.812358,0.896632
2.471424,-1.586029,0.8759095
4.335021,1.092709,0.9838971
0.3084915,1.201391,0.7829035
2.369252,1.506646,0.8928996
3.622273,-1.251634,0.923586
3.519756,0.9884543,0.9513592
3.804996,-3.007212,0.9698905
-0.9029498,-0.8342667,0.6905476
0.3183932,-4.038424,0.8449005
1.291281,0.433548,0.8222622
3.382145,3.908055,0.9923918
2.163572,4.464078,0.9747505
1.051793,-0.277483,0.7716482
3.832087,0.4044633,0.9461725
2.094618,-2.233105,0.8900107
0.8118598,3.571141,0.9103256
3.487615,-0.7976489,0.9441277
0.5743568,-1.468323,0.768136
1.433719,-2.25068,0.8419429
-0.6554914,-0.2091546,0.7200808
2.424899,3.133196,0.9259338
0.5413551,-0.06761503,0.7682334
0.8129036,-0.3447218,0.7675761
1.740506,3.267703,0.9082678
4.537461,-0.5975442,0.9868821
-3.517724,-3.883688,0.8152286
2.195961,-1.005495,0.8660584
-0.6754651,-1.503022,0.7252614
-3.592038,-3.994292,0.8297913
0.04284,1.795035,0.7819166
4.540783,-0.5054312,0.9900863
-0.2924783,-4.84313,0.8694853
2.589516,-0.7480435,0.8806791
3.440149,-0.8164864,0.918537
4.283108,1.481606,0.9795961
2.514009,-1.220761,0.8880582
-2.980672,-4.396042,0.8277851
2.318903,3.50281,0.9482045
1.677541,-4.623465,0.92399
4.356117,1.073504,0.9721446
1.070092,-0.2605896,0.7918994
-3.144519,-3.901655,0.7920519
3.059623,-1.004691,0.898081
0.5873439,-2.389353,0.8031058
2.937795,-1.30943,0.8968552
4.007143,2.456725,0.9700153
-0.5454888,-1.580207,0.7085181
2.417584,0.3824215,0.8853438
4.029838,-3.723557,0.9875284
0.8795466,2.160195,0.8456662
1.4477,1.688533,0.8646372
-0.4367793,0.50494,0.7277193
-0.3225582,-1.55845,0.7415286
1.595392,-1.783531,0.8303959
1.618071,-0.1694565,0.8436307
2.273541,-0.1903348,0.8629045
3.590517,3.945848,0.9965779
0.8844862,-1.291744,0.799342
-0.2048335,-4.108685,0.8315091
2.312522,-0.4061766,0.8542824
-0.1356728,-3.320143,0.7953576
4.807338,-1.510219,0.9964648
-0.7854557,-4.779766,0.8539733
2.424717,1.699188,0.8791253
0.2441657,-3.060457,0.8030177
3.118237,-2.540212,0.9440247
-1.15421,-0.6163149,0.6863046
-0.1814032,1.379664,0.7604972
2.585719,-1.931987,0.9049396
0.9265201,-1.451841,0.8114438
4.065697,-0.5144768,0.9703768
1.855047,1.497768,0.8621331
0.993866,-3.678144,0.8493254
0.9185905,0.5789094,0.8048396
2.486362,-3.215582,0.9158785
0.5293345,-3.435738,0.8235806
0.7532341,4.185501,0.954428
2.258144,0.01323175,0.8561255
2.883703,2.978273,0.9463869
1.559154,3.475404,0.9219078
4.717473,-1.351099,0.9897295
1.433105,-4.38526,0.8933771
2.106201,-0.3001599,0.8694584
0.6824434,0.5964894,0.7980448
3.854388,2.829456,0.9913341
-0.2862744,-0.2483125,0.7324622
4.250452,0.6659884,0.9928817
-1.075633,-1.197849,0.6943137
-0.191365,1.897299,0.7911577
3.499882,2.523478,0.9620856
2.496042,-4.240681,0.9429038
0.0110724,0.6531506,0.7624231
3.167456,-3.602735,0.9548698
0.192802,-0.02663422,0.738772
1.811681,-1.988968,0.851792
4.368673,-1.019578,0.9585968
2.443572,-0.1271753,0.868294
-1.147808,-0.839736,0.6914635
1.453298,-1.147649,0.8323141
0.5567067,-2.841766,0.8058925
3.345418,-3.547248,0.9528195
3.925563,2.175524,0.9693764
0.04312325,-4.850546,0.869451
0.1261077,0.155261,0.7689849
4.40705,-3.098855,0.9967912
1.897078,-4.426924,0.9212524
2.859681,-3.480118,0.9304027
-1.389279,-0.1859026,0.6750866
3.627636,1.306814,0.9567743
3.928196,-1.522366,0.9562352
2.370826,3.571392,0.9408919
1.636237,-4.109304,0.8931955
1.803565,3.676695,0.9267776
3.348189,-0.09606552,0.9272076
3.966814,-1.749298,0.9758647
0.7936747,-0.1958222,0.7729863
2.01861,-0.6448369,0.8495559
-0.3462875,1.507966,0.7748997
2.371195,0.1347203,0.8890439
3.879686,-2.844867,0.9643257
2.039488,-0.06614256,0.8552352
2.955791,-0.9501748,0.9126011
1.957778,-1.864531,0.8510981
3.300146,1.79075,0.9215406
3.068053,1.367216,0.9189702
1.11367,-0.9900208,0.8132108
3.263211,-3.717949,0.9616359
0.4155042,0.4025106,0.7778555
3.559583,-0.5915899,0.9486058
1.731002,2.863169,0.8882775
2.435097,1.717577,0.890192
3.024747,2.211175,0.9481631
1.509268,1.058057,0.8453248
3.616409,-2.401592,0.9417933
-0.2972264,-1.181167,0.7323707
1.334582,-1.480918,0.8136992
3.624961,3.176907,0.9956649
1.184386,1.901566,0.8367867
3.218121,3.840902,0.9842914
1.935346,2.227263,0.8845742
2.57397,2.621344,0.9052607
2.131867,-3.30384,0.8948258
-1.515994,-0.01130435,0.6668066
4.334095,1.425272,0.9951637
1.681248,-2.112155,0.8497272
4.342932,-3.04575,0.9980599
2.84287,1.450581,0.8917711
4.258446,1.354438,0.9692023
2.204431,-4.006748,0.9141996
0.858803,2.977996,0.8658223
-0.4351192,-2.972373,0.7686499
2.271563,3.010136,0.9199737
1.158471,2.042847,0.8356335
4.036701,0.4357786,0.9699373
1.504382,-1.056497,0.814899
2.136332,-1.579432,0.855907
2.239454,-3.449463,0.901359
4.671049,1.799465,0.9926106
0.3407037,-4.635265,0.8702242
2.904654,-3.013693,0.9245979
3.886447,-2.756926,0.9873461
1.668809,1.690949,0.8374205
2.393669,0.0994997,0.8732647
0.368283,-0.1646285,0.7741695
2.258485,-0.8178644,0.8586587
0.6836407,-0.3592901,0.788893
1.728645,2.262415,0.8617046
4.177884,-1.629014,0.988701
-1.296843,0.102951,0.8639962
1.697612,-4.444427,0.9108656
1.769854,-0.3933101,0.8295273
1.035938,0.3270884,0.7941046
-0.2655153,-1.109945,0.7238422
3.217065,-4.976728,0.9792801
1.107394,4.750997,0.9885054
3.962974,0.7749467,0.9525787
2.474186,-0.2595644,0.8979159
-1.192514,-0.3213115,0.6902722
-0.4078729,-1.798381,0.7464559
0.3925631,0.6183414,0.7832405
2.254379,-0.03759575,0.8632033
4.222574,0.6451221,0.9881554
-0.4848411,-3.548548,0.7942974
3.177042,-1.676251,0.9280608
2.665748,0.941339,0.9009396
3.386706,-2.710458,0.9441025
0.3668811,-1.57793,0.7632042
1.253856,-4.498159,0.9009645
3.627597,-3.007543,0.9622993
1.769631,-1.802854,0.8341916
2.784553,2.440732,0.9176999
-0.5457537,0.8271604,0.7500165
1.122924,3.433414,0.9010711
-1.278962,-0.05066442,0.6988048
2.478411,-1.694899,0.89706
-0.9662962,-0.4879599,0.7055507
3.51019,-1.743165,0.9499924
0.1723495,-1.506649,0.7688188
0.9639301,0.8208461,0.8104873
2.682014,0.1822214,0.8841236
0.1731429,0.03458452,0.728587
3.59802,-1.369524,0.9326602
-0.530498,0.5585842,0.7281635
-0.6983879,-0.4451303,0.7051067
1.55709,3.134483,0.901365
-1.098461,0.1448398,0.7129481
1.885366,-0.7709341,0.8459488
3.224517,-4.000546,0.9593833
2.012559,1.830041,0.869617
3.059426,2.224346,0.9248894
4.439668,0.4316325,0.9992104
4.455998,2.186345,0.9908628
-0.4098096,0.9261699,0.739023
4.520346,-0.3410597,0.9687549
4.260678,-0.3439779,0.963594
2.101295,-1.249206,0.8598034
4.019454,-0.2424269,0.9447756
4.07843,0.3987999,0.9383092
3.682483,0.9423046,0.9201398
0.2973559,-1.578264,0.7630407
1.025144,-0.9161515,0.799706
4.157316,2.861557,0.9950724
3.774163,-4.404464,0.9896392
2.283591,1.70692,0.872738
0.01812077,-0.4988103,0.7595108
0.636039,0.06642389,0.7806791
2.603541,1.997949,0.917141
2.743527,1.549704,0.9042761
3.963569,-3.292959,0.9831213
3.500606,-3.916816,0.9730103
1.055571,2.028614,0.8336227
3.690526,0.9071999,0.9586635
3.52937,-3.09854,0.9591613
0.1138039,0.3904362,0.7534217
4.728876,-0.6618743,0.9994421
2.520818,0.5254369,0.8845311
4.220874,2.308584,0.9792797
3.706135,2.715701,0.9716972
1.936829,-0.3647656,0.8426662
-0.9896243,-4.931231,0.8670051
3.055042,3.022606,0.9509706
0.4985516,-1.658276,0.7894015
1.727537,-0.7742114,0.8388826
2.164037,-1.260958,0.872807
2.845486,-3.911431,0.9452828
2.099647,-2.4988,0.8811575
1.499031,2.291045,0.8649616
2.095548,1.075632,0.8705719
2.137439,0.7578773,0.8676993
3.293753,2.29353,0.9457011
4.609558,0.3581433,0.9797621
-0.3310606,-2.333121,0.7563583
4.072348,-1.229758,0.947365
2.416811,4.65719,0.9985517
1.309115,1.560588,0.8417686
3.338305,2.347542,0.940604
3.171663,1.869278,0.9247133
3.272249,-2.326171,0.9494984
3.063665,-2.050266,0.9150617
4.126636,0.3063745,0.9786043
4.037283,-1.437032,0.9518963
1.110935,-4.701244,0.9025276
-0.975095,-0.24301,0.673061
1.412525,4.114624,0.9513906
2.451251,-1.158094,0.8682775
1.57294,2.229187,0.8657463
-1.801922,0.2782135,0.6864157
3.64886,0.5386214,0.9353216
-0.7392454,-2.433467,0.736039
3.927284,0.1692324,0.954755
2.052906,-1.678834,0.8663552
-0.6326013,-1.878943,0.7212109
3.936316,-0.6522627,0.9539736
4.317987,-2.073594,0.9875848
3.387714,3.605911,0.9882941
0.7371483,-2.014499,0.7874839
0.8611832,2.887305,0.8712035
2.31074,0.7207699,0.8632007
3.617195,1.804714,0.9456537
-1.045702,0.3612547,0.7120079
1.641993,-1.607878,0.8315287
4.582511,-0.7650394,0.991513
-0.3239377,0.3189702,0.7066893
0.9035487,-3.774487,0.8486288
2.231837,2.038282,0.8911171
0.7116659,-1.094137,0.7657172
-0.8839545,-1.254926,0.7168424
4.342366,2.930385,0.9981763
4.537494,-0.1709242,0.9817716
-1.410219,-4.191724,0.8081864
3.040038,-3.211235,0.9296272
4.414266,2.269826,0.9997693
1.314946,0.2814026,0.8289538
2.952602,-0.1370425,0.8936362
1.639516,-1.29312,0.8220798
3.382545,1.586593,0.9284137
0.8077817,-0.1171799,0.7822095
2.602211,-0.1615052,0.8709057
2.552786,-3.367419,0.916521
2.562783,-1.621277,0.8866996
0.1258993,-2.669053,0.7830037
0.6822991,1.391846,0.8162224
0.1140122,-0.1833491,0.7657346
3.504941,-3.749906,0.9677794
0.01294637,1.46502,0.7784805
-3.577876,-4.497631,0.8789547
2.976806,2.309831,0.9354972
3.470474,1.089816,0.9247376
-2.694427,-2.636982,0.7031493
3.313538,-0.9098334,0.9207037
1.735308,1.467433,0.8645895
3.882895,0.7120438,0.9587498
1.007194,-0.04233408,0.7833003
2.331005,-0.7556443,0.8692964
2.094922,-0.8704977,0.8517433
-0.7876155,-0.3449135,0.7004414
2.451817,-3.896613,0.9364369
2.170158,3.923877,0.9456397
-1.108048,0.6528558,0.7126999
4.753639,1.146002,0.9969504
0.4531477,-1.438131,0.7768945
3.596102,-2.493544,0.9468597
1.48698,2.211323,0.8687018
3.811989,-1.962758,0.9606295
4.870121,0.2916975,0.9970398
2.200213,-0.217741,0.8446876
2.117247,3.713963,0.9413624
2.230007,-0.9192162,0.8553314
3.780954,4.067536,0.9995389
3.180045,-0.7822366,0.9103508
1.622343,-0.05413818,0.8485178
1.703456,1.166331,0.839543
3.389031,-0.009328842,0.9149145
2.298848,-0.4646821,0.8551163
1.653246,2.1916,0.8695623
1.767806,0.06019783,0.830259
3.769515,0.7945542,0.9342827
-0.8473833,-0.1111989,0.7007367
-0.7559266,-1.169425,0.7016626
2.074288,-2.970844,0.8915861
1.682276,1.620774,0.8686569
3.952853,-1.500185,0.9649194
0.824604,-1.393283,0.7895249
2.618816,-0.5099301,0.8922662
2.743615,-3.943096,0.9343355
4.536285,-0.2296777,0.9956631
0.1575782,-2.773121,0.792895
2.411667,3.899992,0.9591695
3.719443,-2.997718,0.9734416
1.704207,-0.1438146,0.8439039
1.855529,-1.763216,0.8663442
4.129861,-3.814597,0.9941308
2.24085,-2.115147,0.8915318
2.208419,-0.3489475,0.8629005
-1.410622,-4.019289,0.7996113
2.635221,1.225944,0.8917233
0.805473,-4.871337,0.9037502
4.263633,1.01348,0.9788758
4.019603,1.450415,0.9615311
0.8102443,0.9748669,0.7999119
2.862231,-3.655133,0.9352944
-1.185176,0.661952,0.7098723
-1.61254,-1.372631,0.6766675
-0.2752411,-2.22438,0.7602735
4.122184,-1.434563,0.9737914
4.076512,-4.04023,0.9951004
2.994014,0.7509713,0.9127094
-0.09051939,-4.321761,0.8402002
3.713542,-3.778037,0.9820909
-0.9747396,0.6546359,0.7132518
2.032262,-4.94198,0.9387521
2.631178,1.594941,0.8979995
1.346323,-4.790083,0.9030461
1.193416,0.8565087,0.8245445
1.229727,-3.693279,0.8612924
-0.674542,0.8483906,0.7353774
0.7014587,3.42254,0.9020735
-0.8199456,0.8599811,0.7246487
0.6391928,1.791096,0.8181516
1.370694,-1.99471,0.8463726
3.165901,-2.260046,0.9172003
1.311619,0.6369729,0.818176
3.909732,0.305162,0.9524883
0.8260167,1.245471,0.8055916
-4.460844,-2.71242,0.906797
3.032539,0.4657106,0.9022267
1.913508,4.890129,0.9940577
-0.1448951,-2.805577,0.778172
3.655881,0.2107067,0.9138724
3.602976,-1.501188,0.955153
-0.3765485,-0.2428656,0.7135189
2.360318,2.084451,0.8978623
4.197087,-2.155098,0.9779477
2.302967,-3.825703,0.9237504
3.672389,-0.5696516,0.9240106
-4.477693,-4.02726,0.8875295
2.861932,-0.2901034,0.8826048
0.956048,-0.8670158,0.7852402
2.875527,-3.450464,0.9336368
3.209208,-3.378524,0.9428344
0.586978,2.548667,0.8377563
3.189499,0.7613616,0.9248429
-0.7482502,-4.492653,0.836433
-1.043367,-0.03267002,0.6999744
2.902155,1.205266,0.9264078
4.783302,-0.7787209,0.9965606
-0.1378691,-3.839133,0.817292
4.284574,0.9797997,0.9773699
1.911524,3.521522,0.9162429
4.024207,-2.460073,0.9722171
1.415131,3.436678,0.9080236
0.06787014,-1.077288,0.7386273
0.5946517,0.09918976,0.7749028
4.426448,2.623423,0.9983897
2.895723,-3.234955,0.9370417
3.559948,0.417809,0.9171254
2.40448,0.4662247,0.8926964
3.139172,2.908654,0.9590737
3.48643,-0.1573081,0.9356939
4.060822,-2.049685,0.9519098
1.24006,0.02684784,0.7887058
0.4971237,1.648178,0.8063932
1.109739,-1.20158,0.801977
1.075859,3.423405,0.891544
2.170746,-3.129145,0.8888675
-0.2793024,0.1635785,0.7101291
-0.333442,-1.456304,0.7290454
-1.191586,-1.625369,0.6975157
0.1547806,0.4692621,0.753208
0.3003078,-1.197684,0.7679028
0.3140736,1.039542,0.7867166
3.450935,2.254704,0.944539
1.686986,4.725204,0.9923356
2.141285,0.5059381,0.85902
0.5499718,2.019392,0.8266735
2.013486,-2.294473,0.8736151
2.866757,-2.729688,0.9185771
2.802173,0.1445084,0.9129834
3.302978,2.284251,0.9392367
0.4326942,-2.115104,0.7844055
3.314537,2.054337,0.9204282
1.777235,2.300766,0.8788555
2.986402,-2.327952,0.9345978
3.051341,-2.01174,0.9136676
2.433401,2.503504,0.9105229
0.5538322,-2.998372,0.8171444
0.04921556,1.066193,0.7716261
1.852033,-1.685248,0.8634584
-0.5485651,-0.04133749,0.6984414
-3.528356,-3.37763,0.7871493
1.156454,2.578768,0.8587916
3.185046,-1.35324,0.919799
-0.8200152,-0.2457137,0.7117768
4.224599,1.644895,0.9814807
3.154906,-3.684313,0.9509888
3.076258,1.674241,0.931843
4.020622,-2.269896,0.972262
2.803989,4.513035,0.9942402
-0.3460121,-0.6011825,0.7085813
0.9535708,-0.7725115,0.8104622
0.3623376,-1.583259,0.7609166
1.983392,1.505551,0.881857
1.303839,0.3379459,0.8142627
0.9469697,3.993939,0.9420165
4.495388,-1.978972,0.9788516
0.3665416,0.003489971,0.7611361
3.942699,-0.1466627,0.9478136
1.860844,-3.290472,0.8799221
3.221251,-4.927706,0.997977
0.1485927,-0.575356,0.7581666
0.7794561,0.6913023,0.8087738
3.483935,-0.8198137,0.9478198
4.188201,1.097552,0.9746542
1.468913,-3.03895,0.8553726
-0.2020731,-0.4901237,0.7414625
0.5742676,-0.1237993,0.7701849
3.990713,-2.901345,0.9668144
-0.4934301,-0.2762704,0.7087298
2.147692,2.776302,0.9018413
2.757851,-2.444648,0.8987486
1.804344,2.596041,0.8822181
4.239542,1.935273,0.9754473
-1.01041,0.1635842,0.6804662
4.249067,-1.294798,0.9623891
3.706354,-0.9942131,0.9279951
2.810542,3.805932,0.9708031
3.09588,2.369058,0.9391096
0.8831408,0.1166005,0.7842112
1.930046,-1.591455,0.850777
2.056691,4.598422,0.9718439
-0.01680589,-0.5933194,0.7316109
1.035682,0.4754906,0.8178053
0.1366925,-1.400904,0.7690604
0.3356721,-1.432056,0.7836985
3.160409,-1.334606,0.9217641
3.123042,-1.803617,0.9010397
-0.1044519,-0.4984541,0.7247486
-0.6306212,-1.309568,0.7122631
0.5701985,0.5477529,0.7790478
1.726102,-0.4240375,0.8206495
4.563752,1.479341,0.9849674
4.213466,-1.303913,0.971693
3.740019,0.09248066,0.9536387
1.645274,-1.826758,0.8340193
2.284803,-4.301033,0.9219297
3.851882,-2.135086,0.9691765
1.998045,0.295629,0.840067
3.207641,-0.8007582,0.923271
3.529247,3.651646,0.9915931
2.921962,3.068735,0.9424363
0.243552,-1.764507,0.7705747
0.005540133,-4.351077,0.8504564
2.062485,0.8213096,0.8494754
-0.9113081,-0.679801,0.6888585
-0.1036193,-1.374065,0.741582
3.602197,0.9098716,0.9514585
4.150196,1.262057,0.9712452
-0.1565645,1.278796,0.7604593
-3.493887,-4.80934,0.8835104
2.0627,0.05398321,0.8645518
3.35885,3.689804,0.9798122
-0.1527591,-3.98644,0.8221149
2.730761,4.156919,0.9705484
3.594859,-1.465145,0.9298058
-0.3404496,-0.02625036,0.7467608
4.014764,-1.884118,0.9786367
3.047935,-3.360263,0.9432952
0.4843071,-2.884249,0.8003758
3.15282,1.595074,0.9329907
4.229641,-1.830656,0.979449
2.967671,-3.94338,0.9534733
2.048601,-2.865876,0.8859465
-0.7194343,0.4995351,0.7151977
0.3249917,-2.926191,0.7941496
0.578423,-2.662997,0.8095337
3.868114,2.667426,0.9938546
3.39792,0.6702356,0.9236295
0.5970802,1.233582,0.8035988
3.335404,-0.380898,0.9423387
2.994305,0.8610182,0.8916349
-0.7182503,0.4910798,0.7272648
2.275535,0.9882789,0.8774204
1.230798,2.066269,0.8450397
4.311372,-1.060634,0.9785855
1.34962,-0.3169661,0.811846
3.378798,2.909361,0.9664174
1.083088,-0.805747,0.7871789
3.043993,-0.6745691,0.9086502
4.756398,-0.1357503,0.9966453
1.049472,-0.2160759,0.7920083
4.453062,1.07227,0.9951675
4.240586,-3.13619,0.9984089
-1.560045,-0.3471346,0.6860618
3.103783,-1.472819,0.9087958
0.08055449,-0.6085987,0.749558
-1.204527,-0.4403358,0.6827253
1.721831,0.5913501,0.8337964
3.95713,-2.204496,0.9775353
2.888419,-1.83687,0.9142733
1.13448,-0.5042191,0.7982423
4.089092,1.75572,0.9658987
4.448884,-3.0066,0.9991983
2.974712,-1.277745,0.9207547
0.4415336,2.246794,0.8391267
1.369136,-0.1823969,0.8073903
2.448543,-1.514735,0.8976544
3.961378,3.552925,0.9949698
-0.8132882,-1.28661,0.7071701
2.79058,-2.021451,0.8949854
0.947135,-0.7800417,0.7930686
1.689,2.282635,0.863116
-0.2547481,-1.334056,0.7513511
3.464971,0.07239056,0.948009
3.423475,1.33792,0.9481167
1.975043,2.59078,0.8793023
3.591754,1.837578,0.9452648
0.524518,0.6058602,0.7508937
-0.08007622,0.8225317,0.7599776
4.767407,-0.2341146,0.9847831
1.063269,-0.5399508,0.7983341
3.179464,-0.7382326,0.9117857
1.866557,-4.412258,0.9075056
4.269023,-3.089913,0.987963
3.803738,-1.806778,0.9479598
2.812857,-1.332149,0.8968765
3.237036,-2.546279,0.9330937
1.716932,2.063285,0.8501161
-4.225545,-3.446234,0.8525057
-0.5894253,-4.042287,0.8184625
4.92765,-0.8038764,0.9921802
0.3870621,-0.06973457,0.7745301
4.356188,0.8543582,0.9593047
1.989918,-2.110537,0.8697034
0.6691389,-1.034472,0.7920214
4.239398,2.806673,0.9908327
2.990016,0.07733297,0.8787512
3.342034,2.260409,0.9595405
2.424909,-0.4896979,0.8842249
-0.9623649,0.8841758,0.7376738
2.360411,-1.022782,0.8641784
0.3296113,-2.497776,0.7808209
2.537795,4.537505,0.9942893
2.235263,-4.537725,0.9415339
-0.02832961,-1.314462,0.7420219
3.849694,-2.30689,0.964958
1.39798,1.889458,0.8426127
1.648408,-4.964912,0.9333057
4.201999,0.4044657,0.960223
4.493217,-2.33607,0.9805014
2.626173,-3.551845,0.9308089
4.068113,-2.881091,0.9732122
2.045253,1.622147,0.8679402
2.986434,-2.172279,0.9077374
1.299799,-0.2163177,0.8208909
3.904847,-2.147546,0.9665846
2.152972,1.208327,0.8551473
1.516454,1.667689,0.8539349
-0.3420534,-0.05897713,0.7428916
3.263729,2.224703,0.9504237
2.460723,2.215853,0.9158475
0.7673082,1.42939,0.8057032
0.1667228,1.905037,0.8082577
3.421627,-1.157225,0.9056577
3.498831,2.20542,0.9408628
4.56107,0.806839,0.9891064
0.8884254,-1.004982,0.8039356
1.576298,1.657705,0.8570338
4.273074,0.3843303,0.9642298
2.145389,-0.3345246,0.8514338
0.3401594,-3.422278,0.8157005
-1.32355,-0.3642292,0.6545674
2.166323,-2.131133,0.874953
2.554315,-1.278193,0.8820249
3.332941,1.986959,0.9479744
2.495865,-0.7245784,0.8744965
0.9181211,2.509544,0.8480586
3.396542,-2.442892,0.94112
1.0854,-2.805725,0.8314905
3.225471,-4.821112,0.9906084
-0.3910043,-1.233158,0.7177398
2.530219,1.548669,0.8968716
4.614172,1.597736,0.9811533
1.820314,0.3158717,0.8503255
4.127959,1.60019,0.9677607
0.9566014,-3.395358,0.8509797
1.670491,2.750205,0.8808137
3.336884,-0.06305408,0.9379444
4.603375,0.9319682,0.9863246
4.051413,-3.581639,0.9838822
3.026264,-1.457844,0.9261549
-0.9907598,-0.7529445,0.6682609
0.9578457,1.647285,0.8239689
2.16452,4.163271,0.9685887
0.8286195,4.072807,0.9416482
4.602649,-0.2584724,0.9966058
4.746822,-2.38451,0.9982296
2.34828,-1.943269,0.8851497
2.493869,2.606921,0.9211661
-0.3088105,-0.01533318,0.8458832
-1.667699,-0.5238085,0.6717338
3.884478,-0.2377696,0.9768338
3.664046,-2.242801,0.9481741
3.326403,-3.26046,0.957341
1.357983,-1.169214,0.8173779
3.598845,1.801442,0.9643595
-3.991996,-3.164094,0.8118672
2.81648,-4.813358,0.9667612
4.222612,-1.867164,0.9941571
3.074516,-1.314759,0.9186188
0.4349129,-1.171792,0.7747714
-0.3083057,-4.319559,0.8330047
1.928799,-3.370687,0.8826582
-1.077708,0.4687791,0.7180998
3.143043,-1.785414,0.9078946
0.9563456,0.6232529,0.8053882
-1.17921,1.231644,0.7461841
2.240553,-0.8567548,0.8511504
2.020063,-1.288986,0.8567533
-0.4590831,0.9997444,0.7420423
3.992798,-2.173407,0.954371
3.371952,3.426798,0.9721023
0.6574814,-3.813701,0.8468651
1.213912,1.443809,0.8467875
-0.6390541,-0.4619508,0.6842932
3.292019,3.146468,0.9592867
1.705119,-0.1999588,0.8363634
-0.6753235,-2.459746,0.7374363
2.880908,-0.2200098,0.900629
1.580721,-1.206839,0.8216623
1.075277,3.375116,0.8931995
2.57138,-3.351482,0.9368235
2.239596,-0.8059878,0.8562127
-0.227881,1.95943,0.8066334
3.979465,-0.1509194,0.9512915
0.6915951,0.05798149,0.7714198
-1.411612,-0.1957865,0.6568275
0.2267921,-1.270995,0.7543023
4.087718,-2.450892,0.9852185
2.01338,4.334702,0.9593476
1.812703,-0.2514169,0.833616
0.3554926,-3.097721,0.8079025
0.9816787,-4.729428,0.8991659
2.891849,-0.2163215,0.9062496
2.674101,1.238626,0.9074222
0.2662375,-2.649485,0.7762324
-0.5586581,0.2041655,0.7204964
3.028546,-3.470911,0.9469187
1.387209,-0.6367869,0.8255573
0.3996165,-0.2485471,0.779476
0.8901274,0.0671072,0.7901866
4.11782,1.805123,0.9632289
3.653888,-4.251142,0.9941255
2.55057,4.446037,0.9796332
0.2834654,1.852267,0.8005362
1.540987,2.968454,0.8853686
3.508622,0.208704,0.9175161
2.969785,-0.9106965,0.9025218
1.208721,0.1181273,0.7948275
0.9884803,0.9193687,0.8170856
2.654342,-1.659772,0.8901804
2.345292,-1.589346,0.8884202
1.583208,-4.895972,0.9264884
1.844327,0.8399839,0.8562875
3.178556,1.276703,0.9250451
0.4072313,0.5444379,0.7871701
2.710543,0.5465407,0.8799886
1.001085,4.627782,0.9897627
2.256223,3.928085,0.9607247
2.699956,-0.1843138,0.9009189
0.777539,0.6808882,0.8010132
1.774986,-0.381773,0.8203183
0.4370661,-4.311986,0.8608274
3.789351,2.601892,0.9780786
-3.742466,-3.059316,0.8034316
2.845232,-1.246042,0.9030936
1.964595,-2.243462,0.8631119
1.306341,1.495567,0.837247
3.519374,-4.489088,0.9928125
1.157679,0.4348059,0.8198789
4.081168,1.470463,0.9884412
0.2404048,2.188295,0.826839
2.307011,3.569408,0.9342321
2.729751,2.508812,0.9080987
2.689696,2.566675,0.9255675
3.76967,2.934279,0.9845486
2.005619,-2.297835,0.8687388
2.580395,-2.432041,0.8905075
-0.5007379,0.1453395,0.6939345
3.603562,1.66153,0.9426578
2.631582,-0.707293,0.8991546
0.9654617,-4.704038,0.8944848
-0.1616759,-1.473029,0.7584167
2.208754,1.7197,0.8735349
2.968113,0.07866335,0.9207
2.932119,1.383657,0.9008264
-1.162635,-1.486933,0.6840668
3.174278,-3.975458,0.9661818
2.509923,-1.984767,0.8921019
3.430652,-1.564788,0.9084267
2.806309,-1.010843,0.8988631
3.500726,0.1522489,0.949991
-0.1749489,0.08308458,0.7299103
1.810928,-4.149266,0.9022091
3.705445,0.4378347,0.935774
0.08016491,-3.771393,0.8248964
-0.2356229,1.741962,0.7786005
1.375186,2.930634,0.9008424
4.508538,-2.535343,0.9876056
2.297213,-3.672278,0.9158373
3.894203,0.690661,0.9693063
0.09533668,-0.823185,0.7450491
3.083921,-2.008102,0.9013856
1.121808,-2.516539,0.8410744
1.345334,-3.256021,0.8580161
3.976157,-3.501802,0.9918934
2.823624,-2.208139,0.9169886
0.04718041,-3.559131,0.8060996
3.290317,0.3002052,0.9113405
3.28402,1.207361,0.9227202
2.254588,2.35733,0.9130939
-1.353088,-1.340404,0.6942864
0.4740486,1.763021,0.8014397
0.8232038,-0.4747481,0.7591366
0.6914625,-4.771529,0.8879279
-0.1925859,-1.049411,0.7213588
2.401889,-1.725315,0.8979472
3.213816,-1.748908,0.9272234
2.70083,0.4463391,0.9029861
-0.7593293,-1.363804,0.7106092
2.180461,-0.3067346,0.8673673
2.855254,1.723593,0.9154796
0.04285836,1.318289,0.7823195
3.076129,-1.199754,0.922802
2.396858,3.724551,0.9513565
-2.336686,-0.06532001,0.7116631
3.741784,-0.004825115,0.9462894
2.039202,0.07634354,0.8453342
0.6276481,2.664074,0.8521096
3.9176,-3.039505,0.9620942
2.937826,-4.364267,0.9681631
-1.38427,0.8956985,0.7333604
0.7311687,-3.459388,0.8382218
-1.060918,-0.7507567,0.698005
1.306656,-0.09042692,0.8339667
2.618035,1.146626,0.8801287
4.214505,-3.546563,0.9964984
2.984451,-4.956911,0.9714853
3.565885,1.686188,0.9597946
2.07735,-1.420098,0.84779
0.06638193,-4.022809,0.8322285
-1.184548,-2.720894,0.7325554
3.849136,-0.4923935,0.9393976
1.022275,0.2686684,0.8169862
2.094458,-2.45514,0.8681319
4.527746,0.2811532,0.9724119
-0.5073535,-1.227936,0.7369726
0.03569865,-2.375558,0.7737871
3.489996,-4.507337,0.9855081
4.39358,-0.7805128,0.966801
1.672428,3.345053,0.9097157
-0.02792311,-1.183043,0.7413429
4.593375,0.4293199,0.9968704
3.709377,-3.321506,0.9736283
4.495482,-2.63284,0.9884988
1.352633,-2.767802,0.8401497
-0.2836859,-3.939196,0.8187941
3.575734,-2.48702,0.9459143
3.639215,0.5649548,0.947231
2.426982,1.827417,0.89863
2.533882,-3.048656,0.9043834
0.7027438,-0.1526113,0.7514646
0.1249223,1.576811,0.7834377
0.9093564,0.189435,0.8062225
0.6785345,-3.486656,0.8288358
1.427104,-0.5071588,0.8372059
4.21697,1.737765,0.9550834
1.937141,0.2505274,0.8600661
1.911054,-1.127406,0.8391047
-0.1718805,2.143061,0.8028214
-4.054399,-3.900405,0.8748094
4.827222,-1.716011,0.9840527
1.833595,2.61713,0.8959804
3.400775,0.02224731,0.9187065
-1.301487,-1.423053,0.6829464
-3.958005,-2.403443,0.8670798
1.704952,0.765285,0.8553029
3.138162,-2.012892,0.9416726
0.1389022,0.2370791,0.7602687
2.934835,-0.243886,0.9062081
1.442559,2.80607,0.8713991
0.6698983,3.99338,0.9382886
1.358396,-2.45053,0.8450474
3.909341,3.554574,0.9926072
1.727591,0.01931715,0.8461483
0.4560235,-1.058309,0.7696307
1.984212,-1.878586,0.8601829
2.502061,1.23243,0.8758234
-0.6207981,0.1527328,0.7183731
2.272153,0.8823209,0.8653691
-0.6799393,-0.3325348,0.7150924
2.900552,4.216263,0.9813122
-0.1462326,0.2168365,0.7476833
-0.7829316,1.298354,0.7579297
0.3598986,-4.919395,0.891164
-0.9003179,0.3600116,0.6933804
4.506087,0.4135652,0.9874331
-0.7667527,-4.017953,0.8052316
2.645749,0.478056,0.8906252
4.307818,-2.26263,0.9758087
0.5906024,0.9470634,0.7927483
0.5510576,0.005030155,0.7608616
-2.263855,-0.07967901,0.6947895
3.587028,-4.140944,0.987751
1.334715,0.2477269,0.8377175
2.671588,-2.850357,0.9199283
1.929887,1.212136,0.8484794
-1.019614,-1.633825,0.7069048
2.373103,-3.374299,0.9203193
2.377461,-4.052153,0.9209076
2.05859,1.996435,0.8673183
-0.7258308,-0.6788592,0.7222694
0.8347368,2.077272,0.8212722
2.083384,-1.474479,0.8668813
2.049857,-0.7989283,0.8548703
1.985899,1.633594,0.862247
1.091963,-3.381457,0.8428239
2.42824,3.789737,0.9580562
3.454492,-1.964068,0.9519721
-0.009298563,-1.043823,0.7426687
2.852483,1.474303,0.9226062
0.6399455,-4.544496,0.8741909
0.5568163,0.1061961,0.7748732
3.188235,-2.033121,0.9149222
3.650117,1.010406,0.9231368
2.98547,0.9539728,0.8891844
3.040295,0.02903414,0.9024864
1.197809,-1.319081,0.8126101
2.59563,3.893991,0.9656702
3.524562,-1.272962,0.9257685
3.48781,-0.6163721,0.9354731
2.551194,-2.607872,0.9002135
3.348071,2.343979,0.9425002
-0.1213074,0.7458944,0.7485245
2.714005,-1.821284,0.914019
-1.591011,-0.02489376,0.6760751
3.684365,3.918077,0.9988915
-0.1842,0.5208988,0.7439362
3.658513,1.506932,0.9427696
1.874451,-0.3757591,0.8321439
3.553404,1.140152,0.9469285
0.7601354,-0.4211621,0.7756272
0.9619751,2.195494,0.8351067
0.9111989,-2.569559,0.8111045
-1.12519,-3.736775,0.7863196
0.1290581,-0.1663227,0.7546892
3.957089,-2.792795,0.9757892
2.170061,-3.74521,0.9023204
-1.793919,-1.473395,0.6748521
2.317243,3.656633,0.9393392
3.928898,-0.08538198,0.9736344
3.547534,-2.64502,0.9621387
2.348943,-0.7290645,0.8664858
1.256806,-4.316946,0.8890343
1.760111,0.5877929,0.8365543
0.7045074,-2.123289,0.8098553
1.469149,-1.536439,0.8328198
4.866058,-0.01456451,0.9969872
2.57561,-3.036603,0.9308552
-1.809349,0.0452466,0.6760175
3.254467,0.03417444,0.9336168
1.280872,0.4061956,0.7979303
4.447724,0.08849096,0.9972067
1.230909,1.773658,0.8347955
4.888028,1.67604,0.9996155
-0.1743469,1.724216,0.7818907
-0.2734749,0.02889204,0.8388408
2.502268,2.187061,0.8988602
0.096627,1.210564,0.7457536
4.338902,0.2557964,0.9892341
3.450553,-2.549433,0.9517969
1.002214,0.9922595,0.7948413
0.9595294,-3.260149,0.8370059
2.425487,1.278368,0.882909
3.248549,2.278624,0.9534052
2.510433,-4.146971,0.9313917
2.044922,0.2327995,0.9259665
1.322575,-0.9184999,0.8083374
3.311257,-1.271476,0.9195907
2.637082,-1.530659,0.8985241
4.223376,-0.252666,0.9837375
3.179557,-4.071884,0.9604105
0.7140367,0.2213855,0.7802131
1.916968,3.173176,0.9199271
3.890018,-1.124131,0.9469898
3.632272,2.683104,0.9598222
1.795218,2.560711,0.8830358
0.9282889,-3.291412,0.8279456
2.387849,-1.173763,0.8706093
3.57885,-3.815537,0.97828
2.896196,3.999834,0.9694777
0.2894685,-2.408175,0.7787797
0.02309847,-4.91222,0.8607317
0.1273481,-2.084644,0.7683219
-0.04493713,-0.2757998,0.7602701
2.095889,0.4499655,0.8554194
3.887831,1.281569,0.9717584
3.938022,-2.518865,0.9632301
-1.083058,-0.5210252,0.6669471
1.691414,1.606134,0.8454511
1.120184,1.881562,0.8325056
2.292478,3.559737,0.9391353
1.783528,-4.520882,0.911415
3.905444,1.497884,0.9707094
3.312009,1.248626,0.939099
0.23493,-1.466089,0.7588888
2.779855,-0.3655739,0.8851384
-0.5911181,-0.25811,0.6878784
3.967576,-2.770963,0.9576164
-1.229131,-3.619232,0.7739548
0.8181973,0.5913501,0.7909113
2.120474,-3.754765,0.908332
3.744353,-2.850958,0.9524783
2.053237,-0.7317371,0.8581836
4.022074,-3.216219,0.9838322
3.598119,0.6703873,0.9387574
4.064457,-1.099811,0.9612965
2.194781,-4.582582,0.9381371
-2.428457,-0.08296061,0.69761
4.765957,-1.914375,0.9943463
1.659299,-0.2069564,0.8300213
3.178189,2.58005,0.9351798
4.061118,-0.7641416,0.9719374
0.0889442,1.237617,0.7803779
1.443081,-0.8642583,0.8145868
1.497208,1.97037,0.8542573
4.461866,1.343139,0.9649928
-0.08484149,-1.051295,0.7564498
4.365219,-2.646593,0.999391
3.788281,-4.000986,0.979616
-1.063773,-3.521733,0.7750115
1.726847,-0.2274318,0.8337375
1.523391,-1.718936,0.8233658
2.621554,1.823803,0.9013045
4.259979,-1.058983,0.9598576
3.878212,3.156914,0.9987638
1.975206,-3.849982,0.9149588
1.515867,-2.036354,0.8357704
4.059114,-2.180582,0.9867136
2.753646,-1.153781,0.8672599
2.039348,-2.784003,0.8788731
2.169461,-4.434654,0.9351911
3.97911,2.465627,0.9829915
0.9899857,-2.16985,0.8107098
4.322321,0.5822773,0.9834135
3.698925,-2.143062,0.956619
4.387815,0.4234772,0.9698974
1.707943,-3.917229,0.9013105
0.6643186,3.817482,0.9227169
0.4043596,2.389815,0.8308244
1.454235,0.3140683,0.8327211
3.036663,-0.5818992,0.9130437
3.544192,-4.180696,0.9761353
2.399114,2.937702,0.9117259
5.082196,1.081111,0.9934046
3.575357,3.114614,0.9823889
4.781955,1.13058,0.9984113
3.867589,0.6071777,0.9282497
0.281425,-4.706957,0.8750802
3.36515,-1.777517,0.9430959
-3.908185,-3.797331,0.8596485
3.377347,2.788539,0.9497513
-1.412395,0.005867958,0.6976917
1.265699,-0.1780729,0.8068401
-0.04814982,-1.123317,0.7356765
-0.3056962,1.12251,0.7606769
0.2262139,-2.938335,0.7940855
0.6892006,2.027949,0.8116924
1.549365,-2.352317,0.8612374
0.8208749,-4.694533,0.889738
4.09956,-0.03571796,0.9727628
2.139526,0.4844851,0.8779622
3.015148,0.3080277,0.8809358
3.159894,0.2179317,0.9114205
-0.469883,0.09892654,0.7209898
2.905767,-2.02713,0.9298979
2.686763,-1.793761,0.8918229
0.2855542,-4.835391,0.8875266
3.337293,0.9222298,0.9395806
1.116958,-1.804958,0.8321663
-2.352592,-0.1312094,0.7081802
-1.129275,-3.65502,0.7824966
3.588464,-1.512832,0.9354686
4.006376,3.278332,0.9914687
-0.4495251,-1.834722,0.7349408
3.990473,-3.572319,0.9950621
1.23137,1.272032,0.8098123
1.938526,1.682541,0.8759627
-0.6845798,0.8246331,0.7461264
1.982288,-3.76315,0.9040406
1.860378,0.2817817,0.8579921
1.070514,1.663059,0.822458
3.048125,2.29285,0.940831
2.540306,-3.4181,0.9133976
-0.215152,-2.342326,0.7468516
0.9460781,-0.4583712,0.7854167
3.263188,-0.970418,0.895527
-0.1481891,0.2076583,0.7149829
1.528114,1.908803,0.8442425
4.267176,-2.667695,0.9794053
1.944259,-1.104874,0.858985
0.5704203,-4.859714,0.8888456
3.368839,-0.6837959,0.9140654
3.282052,0.3155379,0.9302575
-0.05845141,0.8435969,0.7470782
1.064561,0.2391891,0.7985649
3.439785,1.038852,0.9296886
3.070412,-0.1749105,0.8956736
3.242476,-3.524931,0.948002
4.194152,-3.063662,0.9947467
2.302018,3.706912,0.9352518
2.411651,1.816485,0.8839899
3.363223,1.038952,0.9160495
0.01931262,-1.988146,0.7588127
0.4040396,0.462213,0.7722542
0.4644434,-0.5694671,0.7591579
1.76118,3.347803,0.9111484
-2.791362,0.1009459,0.869448
-0.4495053,0.4986687,0.7414498
0.4982579,0.07004547,0.7701484
5.032775,-0.3599267,0.999167
2.148746,1.020129,0.8770441
0.9074643,-2.30083,0.8040975
2.384741,-0.6983809,0.8812881
4.214395,-2.718326,0.9697567
0.5095429,-0.2429252,0.7928553
2.072142,-4.065657,0.9060348
2.084267,0.3338199,0.8580772
1.753596,-1.9395,0.8392871
4.088881,-0.1368566,0.9522371
2.422512,4.222319,0.9738773
0.6790931,-1.016933,0.7992154
1.6723,-0.6408114,0.8344577
3.010539,3.90404,0.9849554
-0.05378309,-1.145756,0.7311336
4.249804,0.209734,0.9863009
2.596502,-2.184685,0.8959375
3.834229,-3.31938,0.9691849
0.1162283,0.506187,0.7542812
2.493989,0.8158903,0.8910266
-1.286072,-0.2180762,0.6928621
-1.103162,-0.2997394,0.69472
3.020545,-1.86644,0.9285058
0.6509368,0.2084117,0.7718019
3.432719,-3.725666,0.9631514
3.915489,-1.281392,0.9562312
3.073753,-1.564548,0.927498
-0.3300221,-1.078504,0.7324553
-1.194562,-0.4031067,0.6704453
1.110977,-2.321721,0.7971193
2.679341,-0.6553273,0.8936287
1.171777,-1.035071,0.7985572
4.425968,-3.006,0.9947692
-0.5060356,-1.845825,0.7311669
2.228612,-3.090462,0.891472
-0.4525621,1.490434,0.781716
1.949836,-0.8094554,0.8395212
3.660004,-0.08758116,0.9543784
4.235495,1.37063,0.9889701
3.058228,2.039187,0.9250859
0.9916263,-4.260368,0.8752816
3.227903,-1.452326,0.9137185
3.398669,-0.5751629,0.9142011
1.875086,2.947841,0.8941136
1.026453,-0.9027152,0.8161461
0.4939857,-2.275379,0.7872284
4.262311,-1.632751,0.9813053
2.015535,-0.06489801,0.8591174
0.3787971,-1.932258,0.7650993
4.674155,1.269993,0.9968696
2.553134,0.8684201,0.90371
3.350889,3.013811,0.9828257
3.784781,-0.6117268,0.9491027
3.079447,-2.894007,0.9273285
1.368999,2.315336,0.8639035
3.057771,1.663787,0.9037722
0.2954809,-3.57498,0.8165873
2.848745,-1.417258,0.9075058
2.82122,-1.38453,0.8964326
1.686403,2.301549,0.8881613
2.941367,-1.734317,0.899784
-0.5389388,0.2148442,0.7106291
4.053385,-2.14113,0.9860951
1.97219,-0.09241867,0.8399016
2.237626,0.12536,0.8764622
1.309308,0.3269691,0.8147187
1.675957,0.2915077,0.8322399
1.706446,1.059623,0.8543155
0.5645652,-1.827181,0.7885593
3.899035,1.899207,0.9599161
0.482883,-0.8504395,0.7686493
3.428513,3.188714,0.9644605
3.832036,-0.2533979,0.9521789
3.632583,-0.2214379,0.9640723
4.492954,0.7718058,0.9882904
-0.9975681,-0.4695673,0.6953059
3.461962,2.189361,0.9570715
3.34859,1.245367,0.9442154
4.258568,0.2012129,0.9856607
1.260787,-1.343669,0.8067052
1.637614,0.0845747,0.8231137
3.690424,-1.264026,0.9349447
2.766458,-1.874331,0.9019431
3.903996,-0.3122635,0.9725918
2.89174,-4.930712,0.9798967
0.7274566,-0.9398432,0.7944237
1.156465,-1.735224,0.8084542
2.597386,-1.292346,0.8820948
4.369515,-3.312988,0.9974025
2.823276,1.692413,0.9094641
3.012641,0.06888914,0.9046482
4.7361,-0.7228737,0.9803799
-0.5625002,-1.174114,0.7237
3.604812,-1.585517,0.9292838
2.465331,1.484065,0.8970206
0.3514223,-4.681919,0.8729239
0.346776,-3.623071,0.8290045
4.117139,-1.799641,0.9657235
3.880533,-0.2727942,0.9457636
2.299878,3.433697,0.9314545
4.678778,2.000319,0.9944297
1.383824,-2.332251,0.8440388
0.3550165,2.186738,0.8162925
3.993144,1.652364,0.9539353
1.186269,0.9502988,0.8085702
3.065024,-1.825788,0.9047527
3.686136,1.094618,0.9475565
4.161544,-2.240219,0.9853665
1.093538,-2.247922,0.8154901
1.767144,0.9356519,0.8423463
3.652105,-3.101528,0.9545624
2.966445,0.1557083,0.9090245
4.235757,1.85779,0.9737434
1.989697,1.074366,0.8800892
0.5142112,-0.5835266,0.7721175
2.39191,4.210011,0.9712813
-0.2676475,-2.171405,0.7553775
2.465108,3.44367,0.9334522
2.137196,-4.008371,0.915322
1.623485,4.475732,0.9721076
-1.239278,-0.3628035,0.6952798
3.007974,-4.339866,0.95384
2.481406,3.421105,0.9455722
-0.025105,-0.8652334,0.7553737
2.848215,-3.131205,0.9324794
2.753626,2.831179,0.9369272
3.954003,1.818963,0.9654189
-1.365029,0.1183243,0.6794572
3.675043,-1.30945,0.9475862
3.592203,-0.4591756,0.9461084
1.384485,-3.020991,0.8471645
3.357548,2.588829,0.954681
4.930406,-0.9503369,0.9960778
3.397769,-2.004261,0.9328898
1.597191,-4.070373,0.887315
0.6663432,3.794299,0.9227921
-2.794986,-2.622159,0.7139742
0.5169742,-2.029346,0.7758721
-0.2540545,-1.642515,0.7553415
1.930712,0.1958923,0.8458309
3.978087,-3.508277,0.9846772
2.514917,-0.3606315,0.8701186
1.144194,1.521127,0.8293571
0.3350139,-3.249138,0.8062593
1.213855,2.421938,0.8541421
0.2819521,-3.974873,0.8381587
1.800065,0.06463575,0.8512176
0.5659933,-3.527288,0.8365678
2.117074,-0.7999988,0.855244
2.817155,-4.07653,0.9539372
1.941428,-1.193071,0.8476074
2.136332,2.669561,0.9020385
0.6525576,1.599816,0.7982844
-0.6945734,-3.875531,0.802222
4.085474,0.780261,0.9656782
2.70304,-1.548567,0.8764259
3.925294,-1.095964,0.9664122
-0.2084107,-2.235674,0.7471557
2.94031,-2.37518,0.9077614
-0.3220613,-0.6062512,0.7332433
4.375434,-0.3495522,0.9933192
3.474206,-4.121302,0.9834272
2.020861,-3.118638,0.872255
-1.087328,0.215836,0.6874532
2.520047,-2.014315,0.8902797
3.482485,-1.265594,0.9398736
3.780853,0.08673891,0.9330625
3.908678,0.7785468,0.9535717
4.692591,1.144881,0.9897652
2.619686,1.636206,0.91284
3.27067,-0.7506604,0.893225
3.971325,-2.507564,0.9600374
1.37722,-3.883717,0.8732154
2.695324,-3.483199,0.9165077
3.145843,-0.08969116,0.9163717
1.921828,3.715074,0.9289486
3.115783,3.583016,0.969489
2.438138,0.8890896,0.8796626
3.888609,2.291125,0.9632948
2.031775,-4.423934,0.9205822
3.438304,-3.211602,0.9457508
0.7277241,1.852327,0.8347365
4.274697,0.8793311,0.9651501
2.73793,-3.253126,0.9241321
2.122917,1.095617,0.8640783
4.641002,0.6857533,0.9674593
3.94837,0.7687049,0.9585003
0.6381569,-3.917555,0.8558843
2.389399,-3.191895,0.8988719
4.738945,-2.201688,0.9970996
2.679994,-1.415711,0.8804408
-1.348271,-0.3180356,0.6932036
3.16933,-2.463172,0.9370981
1.668178,4.268181,0.9491675
4.664262,0.4030256,0.9912407
2.933251,2.416323,0.9329515
0.5628107,0.7134919,0.7860434
4.285252,0.5056243,0.9604047
2.333461,-4.050234,0.9163885
2.749429,2.682681,0.9216335
0.8485146,-4.067152,0.8715038
1.466025,4.163431,0.9466173
2.686665,-1.115132,0.8856416
3.872581,-1.694684,0.9574056
3.968541,0.4870267,0.9744348
4.086979,0.3894515,0.9653048
3.89357,-2.697628,0.9660929
3.123923,2.05899,0.9294993
-0.1872727,-3.316225,0.7946246
1.247616,0.2018423,0.8019064
3.942492,0.7783074,0.9543636
4.03485,1.065863,0.9842444
1.398475,3.30604,0.9163101
4.571264,-1.896424,0.9944823
0.289479,-0.03957558,0.7567037
0.03647757,0.6079082,0.7294801
2.519674,0.1096959,0.878416
-0.3527956,-1.838197,0.7320307
3.614874,-2.755881,0.9652808
1.526964,1.80774,0.8467427
3.110851,3.977387,0.9802431
2.850825,1.116405,0.903203
-0.3502254,1.496814,0.7658335
4.744724,-2.525292,0.9914193
1.542159,-1.945587,0.8229241
2.407709,-0.06698002,0.8546401
-4.013944,-3.882282,0.8471251
4.120319,-3.057691,0.9996734
2.359624,-3.29647,0.9218459
3.878817,-2.602114,0.9830836
3.797182,1.868558,0.9499788
1.752457,-0.9921412,0.8517781
3.018057,4.703596,0.9997154
3.694523,-2.257326,0.9570487
3.49846,-1.878373,0.9456119
3.652033,-0.2280993,0.9295506
2.476505,4.577894,0.9894679
2.512677,3.751818,0.9459547
2.475059,-1.35242,0.863831
1.503536,3.933362,0.937844
3.121478,1.920935,0.9224906
1.981062,0.8427958,0.8723234
0.7129772,3.881277,0.9342571
3.484159,1.14975,0.9414727
3.357758,-2.142422,0.942756
0.06554651,-3.174595,0.8010908
1.284613,1.383047,0.8197252
2.048176,-1.783813,0.8819341
-0.5782845,-0.8933301,0.6986734
4.605652,-0.3871794,0.9791147
4.078645,-0.9332032,0.9471542
1.448176,4.389707,0.9686962
-1.214716,-0.5598326,0.6852615
0.9024353,0.3181047,0.7872618
2.636244,4.158117,0.9898941
1.199061,1.357829,0.8159227
0.7705119,-2.134805,0.7974666
3.2639,0.8944364,0.933293
-0.737133,1.024371,0.7410306
2.764794,-0.4892259,0.8901832
2.762223,1.058247,0.9668061
3.165169,4.057521,0.9896623
1.972287,3.856457,0.9334149
1.072,-1.305103,0.8071571
3.392677,0.2843208,0.941416
2.490262,-4.157193,0.9321504
1.910956,-1.907141,0.8584207
2.334459,-1.767294,0.8809674
-0.3467584,1.125986,0.7503151
4.073123,0.2224045,0.9543955
1.728287,-0.4849081,0.8551556
1.066277,2.288048,0.8518761
1.114331,-0.3350453,0.7925428
3.900287,2.439418,0.9907308
2.321181,-0.88098,0.8508623
3.081033,1.978074,0.9336486
-0.8627334,-1.714471,0.7108791
1.792075,-0.6390028,0.8497683
1.126031,0.4954786,0.8188224
-0.6053996,1.389442,0.7690917
2.09139,-0.6475835,0.8680455
4.384325,-0.4319472,0.9860563
3.654484,-1.084559,0.9218829
4.195707,0.7891912,0.9767377
4.566853,-1.61724,0.9850417
0.3841352,-0.9941702,0.7589798
3.854492,-2.31389,0.9728144
4.504773,-0.06252956,0.9669707
4.4519,1.032353,0.9820986
-0.8064444,-4.320785,0.8267472
0.6412568,1.732914,0.7982139
4.736632,2.49936,0.9973782
4.925153,0.3604145,0.9972735
-1.77204,-0.9597378,0.6706275
3.918242,0.7089858,0.9299099
3.545135,-4.252166,0.9795675
-0.3764396,-1.235412,0.7154007
2.756856,-0.07032347,0.9612663
1.305739,1.518618,0.8529944
1.756698,3.012722,0.915168
2.34938,0.05696487,0.8600244
-0.3548765,-0.628757,0.7297201
3.224499,-1.933086,0.9228133
3.730395,-1.36977,0.937162
4.903043,-0.07476854,0.9937031
3.095315,0.162106,0.9739606
3.81688,3.098332,0.9936491
2.145634,3.578687,0.9326184
1.685431,-2.056745,0.8563295
-0.8461952,-2.23314,0.7345111
0.2431901,-0.790319,0.7418025
0.5631793,-1.753171,0.7760755
1.562145,-2.024298,0.8438998
2.139749,-0.2377648,0.8638776
4.097639,1.112142,0.9792523
3.589949,-4.619181,0.9991347
0.8258212,0.6945391,0.8119889
1.963723,3.411326,0.9246256
2.308695,-3.570804,0.9112061
1.56459,1.176835,0.844779
-0.5762506,-2.614912,0.7511339
3.953018,-1.256519,0.9666632
3.045984,-0.9451752,0.8822173
1.079264,0.7992263,0.8071758
1.548489,4.578399,0.9797379
0.5849731,0.2123551,0.7667747
0.931006,1.417811,0.8088757
4.269152,0.8602314,0.9807848
0.0004300624,-0.3778809,0.758315
3.175478,-0.6671901,0.9204559
4.384528,0.2814336,0.9807506
0.1219752,-0.5768271,0.7488469
-0.320681,-0.5149784,0.7299975
1.276934,-0.5365946,0.8224034
3.306185,1.860493,0.9311716
2.823328,0.2981858,0.9042579
2.895378,3.873014,0.9700015
3.412924,2.741554,0.9543481
3.262161,1.679172,0.9179554
0.8543093,4.172668,0.9485348
-0.008298159,0.2440972,0.7587903
1.665355,-3.182884,0.8646508
-1.504398,-1.047694,0.6718285
4.065413,-3.292762,0.9981439
2.95378,2.704128,0.9373136
-0.3871083,-2.327561,0.7421532
0.390444,-0.6858368,0.7719306
0.3906407,-3.07146,0.8069492
2.585019,-2.515611,0.8965544
0.8407464,-3.791408,0.8508083
0.1926484,-3.039385,0.7981802
1.620018,-1.452615,0.8215492
4.766512,-1.971586,0.995722
3.620074,-2.150876,0.9508448
0.5881989,-3.110811,0.818942
2.116804,1.140062,0.8722036
1.911352,-1.903479,0.8658799
0.1206527,-0.152864,0.7494866
-1.091248,0.366456,0.7150829
4.326163,-0.771677,0.976068
2.706629,4.104337,0.9674061
0.9728327,3.464001,0.9018302
2.762671,1.774792,0.9000533
2.774557,-0.2196221,0.8945336
0.3596821,2.278433,0.8265322
-0.1389549,-0.8013697,0.7363083
2.847679,-0.4426246,0.912982
0.9958696,1.204713,0.8266561
3.131109,0.06976966,0.9208939
3.820464,-2.041509,0.9564908
0.8026609,1.860721,0.8327938
4.123714,-1.632405,0.9717155
1.598632,-3.151046,0.8621557
4.528619,-0.6342239,0.9783382
-0.2162247,-3.477463,0.8019212
1.285064,-4.867485,0.9196622
3.457793,-2.427532,0.9397737
1.198651,-4.559891,0.8998777
0.9862118,0.4132156,0.8142909
3.883639,-0.4400439,0.9417744
1.537574,-1.110607,0.8256269
2.523,1.920913,0.902583
1.14019,-2.040967,0.8229198
-0.903157,-2.857009,0.7456861
1.068884,-1.009667,0.810423
1.724173,2.905235,0.9090524
2.777694,-4.23501,0.9461524
2.262469,2.744447,0.908777
3.364204,2.532804,0.9567561
1.90387,3.328264,0.9110429
3.059941,-0.164928,0.8990211
4.171761,-1.457467,0.9776269
1.399804,4.003716,0.9420668
4.450412,1.941782,0.9902008
3.398987,2.789589,0.9524098
0.6680651,2.878107,0.8550016
-0.9230757,0.1566238,0.7012192
2.686373,2.832681,0.9383394
0.9183178,-3.469578,0.8466648
1.03772,0.9636121,0.8065097
-1.984942,-0.0960536,0.6779862
1.14555,-3.762977,0.8615028
1.327166,-4.577215,0.9098248
0.4568353,0.1694627,0.7876422
3.212578,-2.521406,0.9376743
3.923342,-1.416471,0.9653946
4.738108,-0.1310701,0.9852678
3.500317,0.1353245,0.9178887
1.454235,-4.363914,0.8993952
2.958887,2.566119,0.9364677
0.7329862,-1.216898,0.8037398
1.483624,-0.4139085,0.8358803
0.7851813,-3.735103,0.8498755
-1.300386,-4.389916,0.8218948
-0.2975175,-0.2851577,0.7146146
2.010627,-3.492157,0.9022287
1.527895,-0.2112036,0.8395426
4.406331,-0.06152821,0.9717679
0.8858211,-3.11832,0.824445
3.81778,1.371333,0.969069
3.211942,2.085384,0.9304808
0.6837037,-0.09500074,0.7756952
3.345858,0.6388278,0.9275971
4.910594,0.4017906,0.9918438
2.367307,-3.145269,0.9223243
-3.151306,-4.333516,0.8296338
4.223621,0.9340768,0.9825804
2.879131,-3.703503,0.9414111
1.935682,1.064377,0.856715
-0.4522133,-0.01767921,0.7005394
0.7053676,1.19925,0.8105214
1.98016,0.08758354,0.8531432
2.943325,-1.105617,0.8883128
3.896717,1.071476,0.9632749
3.768873,-3.645954,0.9924281
4.064415,0.143301,0.9781065
3.075017,-1.646147,0.9238553
1.778936,-1.210954,0.8437375
2.710193,-1.394103,0.8766832
1.729151,0.4330201,0.8444564
4.463011,0.862586,0.9958402
1.480004,-3.789335,0.882575
1.87578,4.482403,0.9848549
3.508201,-2.513447,0.9488451
2.679279,0.7760267,0.8947762
0.3248959,-3.141134,0.8085733
0.3530982,-3.208295,0.8001167
3.665384,-0.9494586,0.9294636
1.903807,3.517017,0.9278558
-0.07130098,-4.306979,0.8448539
3.657273,3.107618,0.9793285
3.515106,-4.64644,0.9816359
1.72519,-1.24782,0.8572459
1.003719,0.8144479,0.8085512
3.388101,0.818059,0.9281632
-1.182534,-0.004551888,0.6711008
1.462881,-1.870017,0.8308614
3.013045,1.856331,0.9270525
2.035709,3.634061,0.9367678
4.499608,-0.3282216,0.9703072
4.767119,-0.2054386,0.9899246
2.276848,3.545601,0.9322346
4.0244,-1.811891,0.9808258
2.101537,-0.4586763,0.8579931
4.588379,-2.240547,0.9990824
4.33344,-1.871691,0.9860903
1.249752,-0.2692552,0.8314852
3.618471,2.962527,0.9697822
3.774883,-3.415549,0.9950183
4.377901,-1.465077,0.9681219
0.2838378,-3.492265,0.8092523
2.215032,-1.529572,0.8579997
4.695697,-0.5951924,0.9964892
3.050642,1.221998,0.9133328
4.821011,-0.5005522,0.9938655
1.87333,2.305408,0.8840423
0.8482301,3.143487,0.882497
0.4682763,-4.823141,0.879644
3.362901,-3.275612,0.941264
3.975961,-2.016225,0.9585404
1.077009,-2.978456,0.8368533
1.257447,0.1719923,0.7922099
0.5420711,0.4490523,0.7808172
3.423604,3.753595,0.9878429
3.027551,4.04594,0.9985651
2.843315,4.240827,0.9897915
1.387569,-3.092765,0.841185
3.324284,3.765982,0.9819617
2.675276,2.21088,0.9267647
0.3259029,0.07839012,0.7583851
3.424706,-1.632697,0.9456375
4.80362,1.428058,0.9972154
0.7339265,0.2921171,0.7714753
1.817159,-1.541245,0.8420824
-1.186208,-1.501805,0.6898965
3.879026,2.125882,0.9828408
0.9341793,-1.0363,0.787351
0.8672116,2.82048,0.8625996
2.375056,-1.952917,0.8842577
3.979238,-1.261487,0.9693294
-0.2056792,-3.723135,0.8136515
1.956512,-1.572465,0.859426
0.7375116,0.1809649,0.7540637
-1.872422,-0.2702503,0.6548558
2.111246,-3.010624,0.896791
1.812406,0.5681772,0.8329549
3.585069,2.177945,0.9411998
0.5568311,-0.5023308,0.77926
2.819291,-3.437128,0.9235058
1.546493,-4.965139,0.9336395
1.563166,-0.29669,0.8189957
2.173151,4.629459,0.9946337
-4.237929,-3.450023,0.8547496
-0.6320505,-0.3067045,0.7297946
2.55059,-4.137295,0.9359453
-0.3601756,0.1468806,0.7296458
2.332449,2.444066,0.9067994
4.739512,0.09346056,0.9850089
2.009368,-4.024758,0.9150177
2.109205,1.14598,0.8671994
-0.1987031,1.024611,0.7641406
2.081387,-3.804386,0.9119006
1.195645,3.553541,0.9075216
3.87261,-0.2425737,0.937706
3.092383,-2.767233,0.9230083
3.536221,-3.180132,0.9634595
2.254918,2.078771,0.8993195
-0.3251598,-0.8796258,0.7312796
0.09610915,0.6355567,0.7650232
0.8774538,-0.6856542,0.8038678
1.795475,-2.454051,0.8739233
2.664333,0.9883528,0.8993515
3.54643,2.94783,0.9819849
4.7453,0.3586025,0.9880871
4.324399,2.111626,0.9847416
1.989251,-1.730619,0.8575213
1.824867,-4.07496,0.9070735
2.193276,-3.706162,0.9032881
3.088892,1.120966,0.907986
-0.1410832,-1.86515,0.7440065
3.355623,3.315432,0.9664745
1.466166,2.937511,0.8887578
0.6529903,-2.025872,0.7937463
-0.9658411,-0.2208118,0.6953537
4.298179,-1.597621,0.9653147
-1.562165,-1.300418,0.6776175
4.447894,-1.268688,0.9793847
2.850564,2.2022,0.9334511
3.43065,-0.9546371,0.929203
3.337001,0.4359503,0.9167988
2.344981,-0.632184,0.8779673
3.330703,-4.110617,0.9745201
-0.5901313,-1.272133,0.7168428
1.137763,-4.640789,0.9033384
-0.01221228,-0.5089073,0.7442031
3.855101,2.972007,0.9814139
1.451305,0.5219688,0.843113
0.6876926,0.879498,0.7980735
4.292189,2.288245,0.9805694
4.303171,-1.763313,0.9844998
2.205811,-2.466657,0.8814428
1.395619,1.245194,0.8429999
-0.1508667,-3.510629,0.8019586
-0.8751528,-1.069487,0.703052
2.664552,0.1078062,0.8863336
0.6157663,-1.164672,0.7905745
0.3680954,1.595584,0.797906
2.226849,1.291487,0.8921159
4.031524,2.256764,0.991834
4.524044,-0.2836676,0.9589124
1.378374,1.548085,0.8420548
2.069776,-0.0156455,0.8754425
3.465001,2.973557,0.970242
0.4502642,1.704744,0.79545
1.9089,-1.689534,0.8638154
0.3358164,-1.181052,0.7728364
-1.270983,-1.28144,0.6838509
4.363084,-1.065026,0.9602517
-0.2829006,0.1144476,0.7216793
2.860438,-4.317206,0.96245
3.95311,1.171228,0.9542886
3.855963,0.1479034,0.9570635
1.144933,2.675495,0.8677796
-0.4475541,0.448771,0.7314555
3.960841,-2.291775,0.972159
4.485978,-0.3753204,0.9860998
1.448839,-0.7771487,0.8166251
4.251599,-0.199718,0.9453998
2.988108,0.5338116,0.9173512
0.4496834,-2.172142,0.7851661
1.810187,0.3269296,0.8358752
-4.148305,-3.630171,0.8549056
2.841858,-1.419271,0.9094217
-0.04889083,2.204489,0.8114448
-0.5086451,-0.2525501,0.7143903
0.9370248,-0.6292553,0.7804245
-0.1471715,-1.154639,0.7455066
1.075795,-1.662859,0.8153193
2.282446,0.4477744,0.8794849
-3.849002,-4.212574,0.8520759
0.5563211,0.3892093,0.7811988
1.03319,-1.810483,0.83024
3.56004,0.1033049,0.9131485
1.300636,-0.6541319,0.8022435
4.101422,0.1787491,0.9573369
2.735396,-2.039574,0.8957617
1.633582,2.5379,0.8965557
-0.1362379,0.4927273,0.7413598
3.021672,-4.596181,0.9732927
1.925813,3.700647,0.9358897
1.341092,-2.945452,0.8504
2.544647,2.503229,0.9142206
0.4852183,1.21905,0.7921076
-0.7976849,0.5029635,0.718526
1.93851,2.75061,0.9075314
3.147396,3.081198,0.9690002
-0.2428691,-1.447793,0.7289539
4.392712,-0.2154489,0.9670187
4.363365,-1.995645,0.990441
0.234504,-1.71594,0.7716134
3.388417,-2.85464,0.9524853
-0.5661824,1.477363,0.768548
0.2694986,-1.608,0.7789444
3.588031,-3.841479,0.9815177
1.642765,3.836248,0.9398245
1.959001,-3.666615,0.8910251
0.8894351,2.301859,0.8307194
0.1666729,-0.02067614,0.7398653
2.107394,0.3898339,0.8472925
-0.2150013,-0.1665025,0.7292765
-0.02455831,-4.998035,0.8628047
2.0003,-0.9468775,0.84026
0.8364112,-3.252319,0.8308363
2.889793,-2.565181,0.9137769
-0.299453,-1.667259,0.7377757
3.409112,1.354071,0.9332566
-2.092248,0.269907,0.705614
2.805437,-1.488914,0.9044142
-0.4153197,-0.9033113,0.7297494
1.071629,-2.3203,0.8179987
1.949111,-2.714571,0.8852689
1.878531,2.16166,0.8825702
3.223351,0.9531636,0.9264532
1.526356,1.364303,0.834256
-0.4016836,-0.3381343,0.7173982
2.189929,-1.97681,0.8710105
2.921932,2.907581,0.9588648
0.9079165,-2.512167,0.8245595
-2.823594,-4.509539,0.8322906
3.037211,0.8650584,0.9078159
1.642943,-4.272834,0.9075389
0.371114,-0.1344771,0.7717159
4.18694,-2.992535,0.9719366
2.670264,2.845245,0.9264131
-0.4151256,0.4506726,0.705743
2.180103,-0.9636693,0.8552387
3.784113,0.06572199,0.9584366
1.976826,2.054721,0.8770013
1.196159,1.223328,0.8376511
2.667029,-1.597431,0.9109378
3.429891,-3.537845,0.9563789
0.9039316,0.8665066,0.7921727
4.174211,1.178352,0.9671234
2.488124,0.175447,0.8609291
1.8684,-0.2146263,0.8562442
2.518598,2.978134,0.9343465
4.139641,0.45579,0.9735188
4.101467,-1.571311,0.9658344
3.127254,-1.161434,0.9126024
3.923545,1.704726,0.9766695
-1.376106,0.2166362,0.6723958
0.9630909,2.839066,0.8747004
1.005286,0.2545853,0.8086196
4.628559,-2.356418,0.9968464
-0.8921669,-1.478674,0.6957874
-3.479621,-2.836225,0.7570463
3.104568,-0.604363,0.9212061
0.5988348,-1.818344,0.7935067
0.08782816,1.124703,0.761331
4.434114,1.787265,0.999329
3.988618,2.310227,0.9708645
1.255749,-2.584972,0.8269565
0.4990644,1.428416,0.7938065
-0.6512257,-0.0273722,0.7038077
-0.8145576,0.2430015,0.7091442
4.076632,-1.994276,0.9841025
3.497259,0.5323534,0.9322271
1.94795,1.074063,0.8746362
-0.2452123,-4.808207,0.8681411
1.223052,0.1693046,0.8185064
2.547338,0.3367991,0.8549279
1.904368,-1.84321,0.8594675
1.609547,-0.0768857,0.8324944
4.896611,-1.435046,0.9933786
2.691011,0.1020451,0.8962501
1.40282,-4.256117,0.8841422
3.904492,0.9907227,0.9446668
4.826833,-1.740361,0.9975988
3.657618,-1.343105,0.9584232
1.545258,-3.378844,0.8580913
2.102351,0.1202111,0.8305755
3.221917,-1.815248,0.9143706
5.001299,-0.2670197,0.9914383
-0.5315261,0.1322289,0.7209302
-0.7617054,-0.3961139,0.6948518
-1.032573,-2.20076,0.7206578
1.506253,-1.464046,0.8273206
3.075737,-0.2383442,0.9040075
1.506429,-2.937494,0.8500245
0.2776628,-0.3248639,0.753388
3.493009,-3.480699,0.9664513
1.900844,1.117241,0.8614191
3.992825,-1.808843,0.9522768
1.49154,-2.956994,0.8503624
2.742762,-2.977955,0.9143965
0.1337645,-3.052702,0.7954367
3.49511,-0.2676649,0.9374015
-0.1565526,-0.314508,0.7429989
1.434688,2.597607,0.8656248
2.200995,1.192164,0.8673806
-0.9538479,0.5526857,0.7196065
2.152297,-4.33044,0.9299597
2.282433,2.464752,0.9041163
1.781785,-2.179937,0.8749711
4.373356,-0.4704051,0.9875685
4.704334,0.4885893,0.9879665
-0.09557962,-3.513859,0.799875
3.068378,2.587141,0.9477047
-0.2339156,-1.562411,0.7343606
4.497699,0.9664183,0.9736084
-3.802828,-2.682339,0.8041376
-1.042927,0.1798801,0.7001022
0.2013779,1.852114,0.7942836
-1.462726,0.06058264,0.6643212
4.610439,0.9998627,0.9745225
1.894212,-4.742432,0.9373221
-1.172303,0.4429812,0.7106146
0.1296864,-0.1561074,0.7587177
1.650852,1.118334,0.8559294
1.134767,-2.286845,0.8222328
-3.870383,-3.470255,0.8377917
0.03824258,-3.872232,0.8261058
3.464485,-4.447044,0.9794397
3.931704,-1.712019,0.9600887
1.061883,1.521024,0.8172089
1.859606,-0.7398744,0.8520737
2.909964,-4.662163,0.9786456
3.969323,3.696507,0.9975714
2.394388,3.459042,0.939266
-0.5057025,-3.524872,0.7908121
3.526119,3.545692,0.9828439
2.731812,-3.936633,0.949527
2.02714,-0.3351374,0.8406125
3.735096,-0.0902276,0.940128
1.164402,-1.466709,0.8215298
0.945395,2.643939,0.8561813
1.616063,-1.171737,0.8479812
0.4288769,-4.864974,0.8893412
3.658937,2.116799,0.9524704
0.4347162,-0.6074376,0.7573623
-1.295959,-1.080918,0.6859252
3.583511,-3.786825,0.9834199
2.450092,-0.5357404,0.8734816
3.262794,0.6723456,0.9350134
2.587799,-1.170694,0.8967512
3.554019,-4.506732,0.9833485
0.4346375,1.690527,0.8014413
-0.209954,-0.9181504,0.7216331
1.545313,-3.858596,0.8831276
0.6545167,-0.6282229,0.7658451
0.5223439,-3.34051,0.8155315
3.487276,-2.663051,0.9325883
1.507212,0.3594904,0.8334013
0.4723361,0.2063327,0.7892098
2.156421,-4.145992,0.9222216
4.029115,2.490988,0.9734277
3.738006,0.9517283,0.9591356
1.496517,-2.518679,0.842181
-0.6332884,-4.309868,0.8273156
0.08038521,-0.9082322,0.7409108
3.220209,3.859406,0.9907629
4.046678,2.427145,0.973392
-1.345062,-0.6093068,0.6779019
0.4291487,-1.407701,0.7825384
1.337617,-0.5341201,0.7992341
4.05668,-1.886464,0.9753132
4.174914,-1.645038,0.9781109
0.09220216,-4.299185,0.8510923
0.2889991,-3.03239,0.8051032
2.265942,-2.744204,0.9084716
3.761424,-3.41751,0.9956086
0.002412558,1.017673,0.7632061
-1.007581,-0.6259103,0.6840704
-1.302298,-2.012334,0.7000681
2.075236,-1.972962,0.8724505
4.667215,-2.007866,0.9939968
1.506375,-3.814862,0.8703272
3.163178,-2.188123,0.9181516
3.314523,-2.711505,0.9429883
2.948103,1.765208,0.9272636
2.212559,0.09765434,0.8754778
4.067071,-1.784555,0.954403
3.479158,-3.299568,0.9699985
-2.570781,-0.1940327,0.7335955
2.791966,0.5269103,0.8857657
3.159735,1.325655,0.9296724
3.751034,1.749887,0.9551809
0.704211,-1.323907,0.7934975
3.768301,-3.874167,0.9775143
3.47652,-0.5202155,0.9183734
3.651425,-3.01279,0.9492018
-0.1784009,-0.000749398,0.7373192
2.882354,4.24038,0.9930308
4.909484,-0.1515574,0.9959782
3.343575,0.7367296,0.915971
0.4003928,-3.159194,0.8087555
-1.166082,-0.5771322,0.7000703
3.241357,2.115965,0.9597688
3.31813,-0.7108121,0.9259579
-0.9342453,1.141095,0.7541558
1.511011,-1.906467,0.8441538
0.374943,-0.4110937,0.7654331
4.072253,-0.3418999,0.9565849
0.7685435,-1.953842,0.7978402
4.146367,-2.974257,0.9913796
2.712788,-0.3791838,0.8892265
3.986301,-0.2368922,0.9544399
-0.4789166,0.3880243,0.7352794
1.905956,2.102504,0.858348
1.949953,-0.712368,0.8328727
1.673372,-0.6339149,0.8206089
0.3988416,-2.821299,0.8064447
1.687332,-1.368768,0.8406916
3.600223,0.7568364,0.928951
2.48271,-1.650799,0.8825613
2.664322,2.850977,0.9298804
2.158696,1.402587,0.8739556
4.000287,1.796552,0.9552512
3.609036,-2.867081,0.9754167
-0.4677613,1.252091,0.7475443
4.400707,-3.288025,0.9934815
1.976622,-3.068152,0.8779956
1.638113,3.805692,0.9300874
0.7093711,-2.834725,0.8081177
1.893748,3.255204,0.9212559
-0.2293496,-0.08871126,0.7267467
1.300678,0.8415442,0.8126416
3.0807,1.679498,0.9368786
1.693309,-2.292243,0.8399177
3.398712,-1.550865,0.9401552
0.4425867,-0.5978971,0.7549521
2.678192,-1.955548,0.9029996
4.130153,1.313351,0.9767824
0.985564,0.5079026,0.7902597
1.009013,0.9917636,0.8280559
-0.687217,0.6604676,0.7226616
0.454185,1.232662,0.7876254
-0.5571344,0.4590554,0.7153013
2.713784,-0.4727478,0.8901011
1.59935,3.719616,0.9305812
-0.6757233,0.24471,0.695909
2.967017,2.294095,0.9250356
3.498541,-0.06304455,0.9284267
0.5877779,0.8349223,0.7810197
4.12964,0.921566,0.9678594
2.318621,2.365633,0.8907931
3.549592,0.8147736,0.9366825
2.165945,0.5639191,0.863297
2.693938,-2.264652,0.9131051
0.6828473,-0.5985384,0.7700948
3.59796,1.214032,0.9468347
5.050149,-1.048468,0.9996698
4.582647,1.078351,0.983488
1.466363,1.420615,0.8500333
1.904381,-0.5739207,0.8507278
3.233822,3.177348,0.9529414
0.6909065,-0.26017,0.7999218
0.4340894,-0.2554626,0.7522897
1.88522,0.5245667,0.8643554
4.531178,0.1176138,0.9929034
2.341348,-3.988609,0.9255067
3.846854,-1.351521,0.9373208
2.72874,2.561829,0.9098938
3.42807,-3.272132,0.9626125
3.091311,-0.9870367,0.9206616
-0.4695959,0.7872992,0.7371371
2.704232,-0.2742653,0.8784578
0.4317958,0.9791417,0.7899719
-0.06647658,-4.465733,0.8416802
2.083314,-2.802675,0.8908848
4.044911,1.522273,0.9622682
0.6368809,-2.062986,0.7930667
3.582848,3.159647,0.9744809
3.264047,-2.488139,0.9165848
